,date_ordinal,open,close,volume,low,high
0,735239,156.9769,156.0123,4068105,155.4252,157.1489
1,735240,156.3394,159.1242,5934322,156.3311,159.661
2,735241,158.8054,157.6647,4604105,157.0692,158.8788
3,735242,158.5454,157.1698,4322284,156.4736,158.948
4,735243,157.9499,157.0692,4023089,156.2472,158.168
5,735246,156.2304,154.469,5789107,154.2173,156.8092
6,735247,155.2239,155.9452,4619509,154.2356,156.3713
7,735248,155.8613,157.4718,4829291,155.5845,158.2351
8,735249,157.2956,158.3273,4775167,156.6833,158.5203
9,735250,157.7234,159.4429,7671146,157.5724,160.0468
10,735254,159.5603,158.0505,11121410,156.675,159.6945
11,735255,152.0533,152.8669,13800586,150.7029,153.9154
12,735256,152.1791,153.2695,6974334,151.5752,154.0999
13,735257,152.0281,150.6777,6938768,150.6777,153.3401
14,735260,150.6483,149.2182,5209244,149.0169,150.6861
15,735261,149.3441,148.3375,5336989,147.7588,149.6796
16,735262,147.6078,147.9601,4971142,147.5323,149.7467
17,735263,148.6059,148.7653,4854397,147.9265,149.1847
18,735264,147.7168,148.1949,5195381,147.071,149.1637
19,735267,147.6413,145.0244,7187767,144.8734,147.6413
20,735268,145.5528,144.974,4351180,144.5714,145.7373
21,735269,144.4288,146.1483,4714375,144.4288,146.7606
22,735270,146.7218,147.3121,4292478,146.57,147.4639
23,735271,148.1302,149.488,4725647,147.6495,149.7495
24,735274,149.2519,149.3953,3544486,148.6447,149.8254
25,735275,149.117,151.5543,4654207,149.1085,152.1362
26,735276,151.4025,152.0097,3984148,151.1832,152.8615
27,735277,150.3061,153.3591,4482761,150.0025,153.7977
28,735278,152.87,154.9194,4665873,152.6423,155.5435
29,735282,154.4892,154.4977,4435484,153.7639,155.1808
30,735283,154.1182,154.2953,4671705,153.8398,156.5724
31,735284,154.3037,155.4001,4968267,154.1603,155.906
32,735285,155.3917,154.1603,5699331,154.017,156.623
33,735288,154.1856,154.717,4595312,154.1856,156.1591
34,735289,154.776,154.5314,3902332,154.2362,155.6868
35,735290,155.1302,155.2314,3740884,154.8097,156.2603
36,735291,155.0374,156.2519,3827965,155.0206,156.8254
37,735292,156.3447,156.1676,4668452,154.8856,156.9688
38,735295,154.6158,155.4001,3950114,154.1856,155.7206
39,735296,156.7073,157.2386,4734235,156.5977,157.8459
40,735297,157.3483,157.829,3487359,157.2049,158.5121
41,735298,158.023,158.2507,3817529,157.6266,158.8832
42,735299,158.8495,158.2844,4117826,157.8627,159.3302
43,735302,158.1748,157.1965,4594054,156.7402,158.8664
44,735303,158.0567,157.5085,4229679,156.9013,158.9338
45,735304,156.876,157.0531,4833158,156.7748,158.0905
46,735305,157.2133,155.0965,4913208,154.9362,157.7109
47,735306,155.088,153.6712,5490326,153.6712,155.4254
48,735309,154.0507,156.7073,4938754,154.0507,157.1627
49,735310,156.8591,157.5507,3961319,156.4796,158.47
50,735311,156.5302,155.7796,4323930,154.7592,157.4579
51,735312,155.5772,158.47,5062629,155.3242,158.7736
52,735313,158.976,157.4326,12535281,157.2049,159.1447
53,735316,158.0736,158.7652,5738492,158.023,159.7688
54,735317,159.1953,164.4917,10912699,159.1447,164.7911
55,735318,164.4411,162.4507,6851772,161.8941,164.9892
56,735319,161.8519,160.0977,6767653,159.6692,162.4929
57,735320,160.1905,160.6206,5194443,159.4905,162.4507
58,735323,161.6242,162.3411,8537746,161.4218,163.4206
59,735324,162.8724,164.0362,5395346,162.5856,164.5676
60,735325,163.817,163.235,4924073,162.3411,164.0362
61,735326,162.9399,162.5097,4091060,162.223,163.0917
62,735327,162.8724,161.7338,6090863,161.3206,163.5892
63,735330,161.6917,164.0531,6747080,161.5652,164.7185
64,735331,163.5218,163.0158,5125001,162.5096,163.7558
65,735332,163.5133,165.8411,5485124,163.2772,166.1447
66,735333,165.3519,165.0314,8425601,165.0146,168.0085
67,735334,164.4917,164.6182,4835214,163.8423,166.1447
68,735337,165.5037,166.7941,5433621,165.2001,167.1905
69,735338,165.2844,166.1615,5353177,164.8121,166.4905
70,735339,167.0302,165.6387,8527295,164.4579,167.5868
71,735340,157.9218,160.2495,11255493,157.7194,160.8314
72,735344,160.0724,162.1555,5425283,160.0218,162.6067
73,735345,161.9362,162.0543,3878619,161.2531,162.7712
74,735346,161.7507,161.7001,4736919,160.3338,162.2736
75,735347,162.1133,160.4266,4407352,160.2664,162.1133
76,735348,160.6965,159.929,3871407,159.4905,160.8061
77,735351,161.2025,162.8893,5638334,160.7302,163.6061
78,735352,163.2688,164.5507,4626352,163.117,165.2507
79,735353,163.935,165.6977,4211284,163.9097,166.0266
80,735354,165.5627,163.2182,3675823,162.8977,165.9254
81,735355,163.4037,161.4555,3052953,161.2953,163.4796
82,735358,161.1266,161.3037,2222168,160.0724,161.4977
83,735359,161.0254,160.2664,3188706,159.6085,161.0423
84,735360,160.6142,160.5803,3821023,158.5699,161.4286
85,735361,160.4615,160.2495,2431945,159.6726,161.6576
86,735362,160.3088,161.242,2261739,159.7914,161.6707
87,735365,162.1242,163.3542,3778611,161.9715,163.7359
88,735366,163.5408,163.0318,2226997,162.6671,163.7444
89,735367,162.7943,160.0883,5255970,159.6217,162.8622
90,735368,160.3852,158.1712,4202556,157.9336,160.3937
91,735369,158.01,158.6801,3949644,157.7216,158.977
92,735372,158.2984,158.6292,3270670,157.8149,158.7395
93,735373,157.993,156.8394,3032896,156.6782,158.3748
94,735374,157.6537,158.1118,2988348,156.8903,158.765
95,735375,158.1627,157.5095,2218149,156.9581,158.1627
96,735376,157.6452,157.7301,2563424,157.1957,157.8997
97,735380,156.763,156.746,4794501,156.025,157.4841
98,735381,156.4916,155.304,3724124,155.1852,156.8309
99,735382,155.779,155.8808,2759978,154.6678,155.8978
100,735383,155.5584,156.3898,4620207,154.8035,156.5679
101,735386,156.7291,157.518,3204034,156.6527,158.0186
102,735387,157.3992,156.3983,2517123,156.1862,157.5774
103,735388,156.6867,156.517,2376981,156.254,157.3144
104,735389,156.6443,157.764,2861974,156.0165,157.8573
105,735390,158.1797,158.0948,3296900,157.6961,159.1806
106,735393,157.9676,157.9676,2728403,157.747,159.1721
107,735394,157.9506,156.3304,4157062,155.9317,157.9675
108,735395,155.7536,154.5999,4065310,154.3963,156.254
109,735396,154.795,153.7262,4425491,153.4632,154.8544
110,735397,154.3878,154.8629,2778984,153.9806,155.2361
111,735400,154.7271,154.6847,3556218,153.7389,154.9901
112,735401,154.303,154.6084,2460857,154.0146,155.0749
113,735402,154.4217,155.7451,3935653,154.2097,155.7536
114,735403,156.1862,155.0834,3551276,154.6898,156.4831
115,735404,154.8883,154.0061,10686834,153.8788,154.9562
116,735407,154.32,154.5066,3231699,153.5395,154.5999
117,735408,153.9637,153.4377,3875453,153.2426,155.2361
118,735409,152.9033,153.302,2763020,152.7421,153.5141
119,735410,153.4293,153.0051,3258470,152.072,153.8534
120,735411,152.4961,154.1418,4575680,152.4028,154.778
121,735414,153.8195,153.7686,4228836,152.9118,154.3284
122,735415,154.1333,158.0779,6644363,154.1333,158.8583
123,735416,158.0694,159.8084,5097199,157.9252,160.3173
124,735417,159.8084,159.9271,2422363,158.9261,160.1612
125,735421,159.1467,159.5115,2958947,159.0025,159.7066
126,735422,159.1806,158.8159,3135115,158.0948,159.5454
127,735423,159.2061,159.8338,3309559,158.5359,160.241
128,735424,158.1542,159.223,3177816,157.9591,159.5199
129,735425,159.2485,159.4775,2403840,158.379,159.7744
130,735428,159.9441,161.0553,4502202,159.9271,161.5473
131,735429,160.7839,159.8932,4873452,159.6557,161.242
132,735430,163.0743,163.176,7815648,161.8188,164.0243
133,735431,163.176,163.2863,8872269,162.8707,166.2214
134,735432,162.8367,163.2948,8169325,161.1741,164.0922
135,735435,162.2769,161.8951,4154740,160.5379,162.6162
136,735436,162.5229,164.6436,4853041,162.4974,165.178
137,735437,164.6605,164.2534,3584465,164.2025,165.3307
138,735438,164.5248,165.6191,3612656,164.3552,165.9415
139,735439,165.67,164.9065,3376455,164.3892,166.179
140,735442,164.8217,166.0772,3242443,164.2703,166.6031
141,735443,165.67,165.0508,3264409,165.0253,166.1705
142,735444,165.5852,164.5672,3945601,163.6341,166.2553
143,735445,163.5832,162.5907,4208005,162.4805,164.8132
144,735446,161.5982,160.4531,5181080,160.2071,162.4465
145,735449,160.6227,160.8687,2125935,159.9865,161.1317
146,735450,160.1137,158.7141,3307945,158.1542,160.4921
147,735451,158.1679,158.6884,3847046,157.3829,159.4649
148,735452,159.2601,157.2634,2708935,156.649,159.2943
149,735453,157.3488,159.2516,2781936,156.649,159.2857
150,735456,160.2585,159.9684,2527208,158.953,160.7278
151,735457,159.9513,159.8575,1858635,159.4052,161.0094
152,735458,160.4206,160.378,1795041,159.8831,160.8302
153,735459,160.0537,160.3182,1929581,159.5076,160.5657
154,735460,160.2926,159.8916,2815822,159.3881,161.1715
155,735463,160.506,161.5811,2420398,160.2158,161.9651
156,735464,162.1614,162.187,2040117,161.5811,162.3406
157,735465,162.0078,162.2126,2177702,161.4873,162.46
158,735466,162.8952,163.1768,2497985,162.5539,163.8936
159,735467,162.7843,162.4771,1940434,162.3747,163.7314
160,735470,163.3133,163.1171,1726100,162.7331,163.6717
161,735471,162.9976,164.6786,3175399,162.9976,165.1394
162,735472,164.7127,164.0472,2190285,163.4584,165.6539
163,735473,163.3816,163.8338,1503582,162.6904,164.0886
164,735474,164.0728,164.0898,2911097,163.1,164.4738
165,735478,164.4141,163.4584,2679659,162.9208,164.6615
166,735479,164.1666,163.7912,1824378,163.7144,164.6445
167,735480,163.5693,162.7075,2868754,162.1784,164.4226
168,735481,162.5795,163.1512,2261215,162.204,163.6205
169,735484,162.7672,162.2467,2525626,161.7091,163.1512
170,735485,162.4174,162.1187,2403631,161.9395,162.7587
171,735486,162.2296,163.4413,2765324,162.2126,163.9618
172,735487,163.0488,163.5949,2299390,162.2296,164.4994
173,735488,163.3816,163.2195,2900967,162.6136,163.4925
174,735491,163.3389,163.6717,2457803,162.6222,164.252
175,735492,163.1939,164.653,2561528,162.8269,165.1735
176,735493,164.8749,164.5165,3214117,164.0898,165.2333
177,735494,164.508,165.3271,2963446,164.4397,165.6514
178,735495,166.0012,165.5404,8854514,164.8493,166.3937
179,735498,165.3015,164.781,3317962,164.3714,165.6599
180,735499,164.4738,163.5096,3301797,163.4243,164.7469
181,735500,162.9805,164.0984,3082594,162.0248,164.2178
182,735501,163.8765,161.2825,4158816,161.2483,164.2605
183,735502,161.2142,162.1784,2494024,160.9412,162.4088
184,735505,160.8558,161.8201,2344723,160.523,162.0931
185,735506,162.0504,159.7124,3705432,159.3881,162.4686
186,735507,162.0504,159.7124,3723192,159.3881,162.4686
187,735508,160.1305,159.4905,2283619,158.9188,160.2329
188,735509,160.5145,160.9923,3071521,160.0452,161.5897
189,735512,161.8627,161.3081,2100191,161.0265,162.8867
190,735513,160.2244,158.4666,2994065,158.3215,160.523
191,735514,158.6884,161.5811,2985329,158.3812,161.7859
192,735515,161.3763,159.0724,2625609,158.7908,161.7006
193,735516,158.5946,158.6543,5090345,157.9461,160.1988
194,735519,158.2789,156.5978,3599924,156.5125,159.2687
195,735520,157.7669,156.8368,3924974,156.6576,158.4751
196,735521,155.6933,155.0875,6897656,152.5266,156.8282
197,735522,153.4236,153.4577,5578683,152.4764,154.8571
198,735523,154.6523,155.3435,4354442,153.782,156.0176
199,735526,142.369,144.2932,23416511,142.2368,145.3437
200,735527,141.98930000000001,139.2844,20953605,137.9617,142.2283
201,735528,138.5847,138.0556,11091424,137.4668,141.1446
202,735529,138.3372,138.3884,7600270,137.8423,138.943
203,735530,138.3031,138.3031,6652379,137.7655,138.6103
204,735533,138.2348,138.1239,4989437,138.0727,139.0113
205,735534,138.2348,139.6001,7896863,138.0641,139.6001
206,735535,140.223,139.4806,4741689,138.8833,140.4662
207,735536,139.5148,140.2401,3895979,139.1052,140.4705
208,735537,141.2043,140.2827,5818375,139.6142,141.2982
209,735540,140.1547,140.2486,4690274,139.4081,140.4022
210,735541,140.2315,138.7894,4247079,138.4396,140.2486
211,735542,139.199,138.0812,4104747,137.8594,139.5489
212,735543,138.5624,138.717,4067641,137.5056,138.7772
213,735544,138.6827,139.2411,3494803,138.1929,139.3587
214,735547,139.095,140.4611,4958236,138.8459,141.303
215,735548,140.6415,140.2978,3535694,139.6964,140.8133
216,735549,139.4215,139.1122,3378229,138.9748,140.0401
217,735550,139.181,139.8597,3239726,139.0091,139.8683
218,735551,139.2669,141.0367,4978415,138.9146,141.3202
219,735554,141.0367,141.0367,4798933,140.6587,141.7326
220,735555,141.5264,139.0864,5412495,139.0864,141.5436
221,735556,139.2239,138.6912,3802631,138.2874,139.2669
222,735557,138.2789,138.0125,4183102,137.2908,138.7514
223,735558,139.0349,138.2531,4076875,138.107,139.138
224,735561,138.7857,139.3098,6619032,138.3734,140.779
225,735562,139.7394,138.9748,4062378,138.8029,140.4697
226,735563,139.1208,139.138,3967223,138.3304,139.2669
227,735565,139.8253,139.327,2405512,138.6998,140.358
228,735568,138.8717,138.7857,4168384,138.6225,140.3107
229,735569,139.5848,139.7566,3465747,138.8717,139.8081
230,735570,139.5848,141.346,6434994,139.181,141.346
231,735571,140.9078,140.9422,3862916,140.0487,141.3288
232,735572,140.5642,140.2721,3013500,139.9628,141.3288
233,735575,140.2893,139.0607,2851383,138.7857,140.2893
234,735576,138.1844,140.0315,3865905,138.15,140.0573
235,735577,140.0487,137.9008,4082384,137.4884,140.3236
236,735578,138.1672,138.382,3989571,137.9094,139.98
237,735579,137.6775,133.4934,8611748,133.4505,137.8922
238,735582,133.966,131.5002,6500311,131.3112,134.661
239,735583,130.6153,130.0826,6782593,129.3008,133.0725
240,735584,130.1772,130.5294,5139465,129.8249,131.7133
241,735585,131.947,135.4695,7302356,131.7064,135.4695
242,735586,135.3062,136.1826,8864850,135.3062,137.8149
243,735589,136.0279,138.6998,4682509,136.0279,139.1036
244,735590,139.3786,139.3872,4044220,138.8459,139.9542
245,735591,139.937,139.0263,1869977,138.8459,140.0315
246,735593,139.4129,139.4731,1912310,139.1895,140.1174
247,735596,139.181,137.9008,3331833,136.9901,139.4731
248,735597,137.4799,137.5056,2829904,137.2823,138.1672
249,735598,137.8149,137.8407,4011909,137.7891,138.7514
250,735600,138.5882,139.2325,5525466,138.3218,140.3064
251,735603,138.5538,137.0417,4880389,136.7668,138.5538
252,735604,137.1792,134.0862,6146712,133.313,137.4283
253,735605,135.0571,133.2099,4701839,132.3336,135.0571
254,735606,134.2323,136.1052,4241113,133.6395,136.6413
255,735607,136.1052,136.698,4488347,135.1,137.7548
256,735610,136.6035,134.4041,4187638,133.8199,136.8183
257,735611,135.1086,134.722,4377510,133.7512,137.4369
258,735612,133.0467,133.8543,4690294,132.0844,134.4471
259,735613,134.6189,132.7975,4251723,132.4453,134.8595
260,735614,132.1532,135.0055,5756041,132.1532,135.4265
261,735618,134.6275,134.8423,8392773,132.3336,135.1688
262,735619,131.4745,130.6669,11897123,129.7905,132.7374
263,735620,130.538,133.502,6120113,130.3833,133.7855
264,735621,133.1927,133.9144,4834847,133.0725,135.4007
265,735624,135.9678,134.3354,7888143,133.8285,136.9987
266,735625,133.1154,132.0243,5659568,131.0964,133.2443
267,735626,132.3078,130.2029,4495933,130.2029,132.7632
268,735627,130.0569,133.5794,8320847,128.4589,133.6653
269,735628,132.2305,131.715,6563570,131.483,133.3732
270,735631,132.3078,132.8749,4712247,130.1686,132.8749
271,735632,132.9522,136.1482,5539406,132.9522,136.2599
272,735633,135.0657,134.8509,3678459,134.6275,136.3544
273,735634,135.1344,135.6671,5253637,135.0142,136.2513
274,735635,136.1256,135.5892,3256452,135.1653,136.7658
275,735638,134.9663,134.75,3057726,134.4472,136.264
276,735639,135.6065,137.1811,4440614,134.1703,137.1811
277,735640,136.489,136.8697,3626658,135.9785,137.6397
278,735641,137.3195,137.1465,3333063,136.7745,137.9944
279,735642,137.3714,138.773,3706919,137.2503,139.1191
280,735646,138.2107,139.2575,2894508,138.1934,139.6468
281,735647,140.0362,140.3217,4358385,138.9807,140.5639
282,735648,140.2005,141.7925,3504380,139.6728,142.3116
283,735649,141.5762,141.5848,3352982,140.2352,142.1818
284,735652,142.0866,140.9446,2714434,140.5899,142.2337
285,735653,140.5812,142.6057,4701626,139.7334,142.7441
286,735654,142.7009,140.8581,4004559,140.6591,142.7182
287,735655,141.6627,139.1797,7110772,138.228,142.0087
288,735656,139.3354,140.1054,4410037,138.5654,140.4082
289,735659,139.8804,138.8422,5917862,138.2627,140.0621
290,735660,138.6606,139.3181,3234401,138.427,139.941
291,735661,138.8941,137.9252,3633635,137.3195,138.9114
292,735662,138.3058,139.4479,3791660,138.17,139.7247
293,735663,138.5913,137.1292,4540174,136.7485,139.6728
294,735666,136.8697,139.0931,5193874,136.8697,139.4219
295,735667,138.0809,136.5322,4600968,136.5322,138.6259
296,735668,137.1898,135.6584,5709890,134.91,137.6829
297,735669,135.1999,136.6793,4567346,135.1999,137.3195
298,735670,136.2294,133.4782,6064120,132.7168,136.2813
299,735673,134.1444,135.9007,3749638,133.9281,135.9093
300,735674,135.1393,135.7968,3311943,134.4212,136.0823
301,735675,135.7017,138.2626,5738827,134.7932,139.0326
302,735676,138.1674,138.2626,3878559,137.3974,139.2229
303,735677,139.2489,140.9186,9006417,138.7298,141.0225
304,735680,140.8235,142.4327,5930127,140.7889,143.0556
305,735681,142.5711,141.0225,4346145,140.9359,142.6576
306,735682,141.0917,137.7348,5428930,137.7348,141.0917
307,735683,137.7954,138.9374,4396024,137.4839,139.5084
308,735684,139.1104,138.773,3477923,137.7608,139.2056
309,735687,139.5603,140.737,4138018,139.5084,141.5416
310,735688,139.3613,138.8595,4255368,138.773,140.4428
311,735689,138.6259,137.7175,3700791,137.034,138.9634
312,735690,138.0117,138.8163,4671578,137.4666,140.6245
313,735694,138.1588,140.1919,3465682,137.304,140.8494
314,735695,139.8718,140.2179,3147975,139.8285,141.7492
315,735696,139.915,140.0275,2524323,139.3008,141.4983
316,735697,139.8977,140.4514,2263490,139.0499,140.5639
317,735698,140.4514,140.9013,2515703,139.5084,141.308
318,735701,140.4774,140.4861,3868911,140.4688,141.8876
319,735702,140.5207,140.4168,2719287,139.1104,140.7934
320,735703,140.7023,142.0001,3498756,140.5899,142.7182
321,735704,141.2907,141.1349,3136947,140.6245,141.8703
322,735705,139.941,139.0066,4314432,138.4529,140.0362
323,735708,140.2438,143.7564,9609204,140.0708,144.1717
324,735709,143.6785,142.1126,9683592,141.9309,144.8119
325,735710,142.225,143.0643,4024789,140.9273,143.618
326,735711,142.9518,147.2863,8235607,142.8739,148.7311
327,735712,147.2776,146.8883,3888439,145.9885,147.814
328,735715,147.8486,147.7102,3168575,147.3382,148.3677
329,735716,147.7967,150.4701,5816654,147.0959,151.1363
330,735717,150.0202,150.8854,4518381,149.5011,151.5172
331,735718,150.3403,148.1947,5062913,147.3382,150.7816
332,735719,149.8472,150.2538,3312052,149.1723,150.5393
333,735722,150.9459,150.5134,4027978,150.2798,152.5292
334,735723,150.1154,149.7434,3593620,148.7744,150.7383
335,735724,150.7197,148.2353,3612606,147.198,151.7222
336,735725,147.8692,149.0547,2472687,147.3549,149.9177
337,735726,150.7546,150.5279,3092602,150.1444,151.0945
338,735729,150.5018,149.168,2661030,148.9414,150.7981
339,735730,148.6712,148.6712,2962412,147.1805,149.4905
340,735731,149.2726,150.1792,2457521,148.8455,150.5802
341,735732,151.2427,151.7222,2439070,150.9986,152.0273
342,735733,151.6001,151.0335,2916579,150.4582,152.036
343,735736,151.1904,150.8592,1970630,150.1967,151.234
344,735737,150.7807,151.2253,2523002,149.8741,151.4606
345,735738,151.0945,151.4694,2300693,150.3361,152.0621
346,735739,151.0858,151.1032,2295596,150.8374,151.8006
347,735740,150.8417,150.1269,2849692,150.1008,151.1468
348,735744,150.031,148.305,3854170,147.4333,150.0397
349,735745,149.2029,149.9351,2764378,148.6188,150.3536
350,735746,149.4557,149.6823,1731372,148.767,149.7957
351,735747,149.3685,147.8866,4091981,147.8866,149.3685
352,735750,148.3748,148.3486,2985479,147.3461,149.0983
353,735751,147.8953,147.8866,2571862,146.8231,148.584
354,735752,148.6276,148.122,2131031,147.8692,149.5517
355,735753,147.782,146.7795,3079334,146.3873,148.7147
356,735754,146.6662,145.9252,3100505,145.7509,147.2418
357,735757,145.7248,144.1295,3758726,143.8506,145.8206
358,735758,144.1295,144.4259,3395901,142.4122,144.7223
359,735759,145.132,147.2503,4680545,144.7571,147.66
360,735760,147.5466,147.1282,3464013,146.919,148.5753
361,735761,146.6488,145.5678,3065085,145.3063,146.7098
362,735764,144.1208,144.9315,4245657,143.1793,145.0884
363,735765,144.9925,145.4371,3249842,144.6264,145.9252
364,735766,145.5766,145.7248,2862993,144.792,146.3154
365,735767,145.6201,146.6662,3330864,145.6201,147.0759
366,735768,146.117,145.5678,7073984,145.3761,146.8144
367,735771,146.1432,146.2129,2335796,145.7509,146.7447
368,735772,146.7795,146.9887,3701637,146.0761,148.1656
369,735773,147.0672,145.5504,3548093,145.4285,147.1805
370,735774,146.2739,144.7746,2408885,144.7746,146.5616
371,735775,144.9053,144.2341,8945985,144.0336,145.4123
372,735778,142.8917,142.0635,3314684,141.9938,144.1382
373,735779,142.9527,141.7933,3597288,141.3226,142.9614
374,735780,142.9353,143.3886,3214547,142.6127,144.3649
375,735781,143.8767,143.9116,2852696,143.3275,144.1121
376,735785,142.8132,143.5978,3079833,142.543,144.0336
377,735786,143.7808,143.8331,3549861,141.42,144.1382
378,735787,142.9614,142.2292,2776286,141.8107,143.7808
379,735788,144.1295,142.8307,4199708,142.6999,144.2777
380,735789,144.4085,145.533,4538349,144.2821,145.9252
381,735792,146.3873,147.6512,4228963,146.0299,148.0958
382,735793,147.6948,146.98,3025263,146.6575,147.7907
383,735794,146.8667,146.9103,1998004,146.4483,147.5554
384,735795,147.7297,149.0634,3529874,147.4595,149.1419
385,735796,148.4794,150.3797,4356404,148.2789,150.3884
386,735799,150.6238,150.9986,7377818,150.0572,151.4868
387,735800,143.2578,142.1507,13752277,141.2354,145.0099
388,735801,141.8543,139.7797,7181841,139.213,142.1503
389,735802,139.7099,140.9826,5034246,139.3264,141.8718
390,735803,140.5991,139.2566,3778186,138.9602,141.157
391,735806,138.6028,138.6639,3706240,138.2541,139.6315
392,735807,139.3961,139.5181,2721040,138.167,139.6402
393,735808,139.4745,140.4247,3378396,138.9428,140.7821
394,735809,139.9104,140.3114,1994665,139.2566,140.695
395,735810,140.695,141.2093,3580226,140.0237,141.2703
396,735813,140.9565,138.35,4615682,137.6439,141.0872
397,735814,138.0798,137.3824,5260575,136.7461,138.4459
398,735815,138.69,137.6439,3472774,137.2778,139.0736
399,735816,138.1098,137.3978,3004796,137.2748,138.4702
400,735817,137.0199,136.3431,3794897,135.6531,137.3363
401,735820,137.7934,137.7758,4613391,137.222,138.4044
402,735821,137.0814,136.6859,3167111,136.1146,137.1078
403,735822,135.5872,137.2572,3624852,135.3147,137.5736
404,735823,137.1693,136.2991,2533378,135.6374,137.1957
405,735824,136.2376,136.8968,3226434,135.8685,137.3011
406,735827,136.4134,137.389,2249554,135.9739,137.723
407,735828,136.6859,137.1254,2018337,136.4574,137.5736
408,735829,136.3695,135.3059,4205904,134.8401,136.8265
409,735830,134.2512,134.1809,4011514,134.0402,135.2796
410,735831,133.1613,130.8321,7362116,130.7002,134.6467
411,735834,126.1033,126.1033,10189693,125.0925,129.874
412,735835,129.1533,123.8971,7073209,123.5983,129.3027
413,735836,126.6482,128.9423,6221791,124.9343,129.1884
414,735837,130.5244,130.5596,4976632,128.0282,130.9375
415,735838,129.8652,130.0674,4076276,129.3642,130.2607
416,735841,129.54,129.9883,4093078,128.5556,130.4365
417,735842,127.369,125.4089,5272016,124.6794,127.4305
418,735843,127.3778,127.492,4252028,125.8484,127.5184
419,735844,128.371,129.0126,3603518,128.1249,130.1113
420,735845,127.0701,126.3055,4201068,125.9714,127.7997
421,735849,128.204,129.4082,3933276,128.0282,129.5048
422,735850,130.7354,127.492,3407761,127.3162,130.9991
423,735851,128.1952,128.5028,3461658,127.0174,129.3466
424,735852,128.2479,129.5312,3115053,128.037,129.6455
425,735855,129.5312,128.0194,3226747,127.8085,129.5312
426,735856,128.8544,129.6718,2717060,128.1161,130.0234
427,735857,129.9443,130.4453,2799233,129.6806,130.8672
428,735858,130.1728,130.208,4002952,129.4697,131.5616
429,735859,128.371,127.0174,7975845,126.5516,128.6654
430,735862,127.7909,128.7489,3825036,127.3778,129.1884
431,735863,127.1141,126.9471,3564065,126.3669,127.5008
432,735864,126.7537,126.2703,2674225,125.4704,127.0701
433,735865,125.3386,126.9295,3280268,124.7673,127.5096
434,735866,127.9315,127.8172,3474429,127.035,128.5644
435,735869,126.9383,125.2683,4317302,125.2243,127.7821
436,735870,124.8024,125.2243,4763509,124.0642,125.3913
437,735871,126.2967,127.4217,3946168,126.2703,128.0721
438,735872,127.7206,126.2088,3880887,124.4509,128.037
439,735873,123.9762,127.0789,3054428,123.5455,127.0877
440,735876,128.1688,130.9991,5131819,128.1688,131.7484
441,735877,131.0166,130.7705,3018096,130.5156,131.9747
442,735878,131.878,131.922,2989943,130.8378,132.4845
443,735879,131.5704,133.8469,4794357,131.2188,134.4964
444,735880,134.0051,133.9435,3531107,132.9591,134.6089
445,735883,133.9523,132.8449,3227636,132.59,134.1105
446,735884,132.5284,131.5088,3915707,131.1221,132.5284
447,735885,131.4913,131.8516,3353008,130.9815,132.4142
448,735886,132.6427,131.922,3476219,130.5947,132.9328
449,735887,132.2384,132.1856,3483739,131.1924,132.8976
450,735890,131.711,131.1573,7954684,130.4189,131.8165
451,735891,125.2419,123.6159,16025591,123.2906,125.5847
452,735892,123.2731,123.862,7134948,122.4381,125.3913
453,735893,124.5827,126.6482,5583167,124.4772,127.5096
454,735894,127.1053,127.1668,5370439,126.3055,127.8788
455,735897,127.2284,126.2703,3489428,125.8748,127.4481
456,735898,126.1385,121.1724,15008527,120.7065,126.4197
457,735899,121.2251,123.7829,8511376,120.8559,124.1344
458,735900,123.3697,123.5368,3710445,122.192,123.7741
459,735901,123.4401,123.1236,3983990,122.9654,124.2223
460,735904,123.4928,123.3785,3822212,122.6754,123.5073
461,735905,123.0709,124.7058,4349405,122.9654,125.5144
462,735906,125.2947,124.486,3516890,124.196,125.3826
463,735907,124.4684,122.9566,5096893,122.7281,125.1452
464,735908,122.9655,122.655,4744948,122.3179,123.8084
465,735911,122.3622,120.0466,8075593,119.6651,122.5042
466,735912,120.091,120.1886,4520807,118.9909,120.4237
467,735913,120.7386,119.7893,3164806,119.328,120.8362
468,735914,119.5054,118.0327,4701365,118.0061,119.5054
469,735915,117.9528,116.8882,4613817,116.7995,117.9972
470,735918,116.9237,118.6271,4190827,116.9237,118.9643
471,735919,119.0796,118.7247,2815142,118.2722,119.6119
472,735920,119.5853,120.4991,4149181,119.1151,120.579
473,735921,120.8451,121.3153,4753603,120.6677,122.1985
474,735922,121.8743,122.8768,5176375,121.7678,123.245
475,735925,122.9034,122.8413,5137922,121.6525,123.2051
476,735926,122.1227,122.9655,3407653,121.821,123.622
477,735927,122.7615,122.4332,3238166,121.8787,122.8147
478,735929,122.4332,122.8413,1415840,121.7323,123.1518
479,735932,122.9744,123.693,4545587,122.8945,124.1189
480,735933,123.835,125.3432,4195119,123.835,125.4497
481,735934,125.0327,123.9414,3725363,123.764,125.2811
482,735935,124.2963,123.2494,5909588,122.6018,124.8552
483,735936,122.513,124.5891,4571608,122.4243,125.1125
484,735939,124.3495,123.8084,3279376,123.1518,124.5713
485,735940,122.6816,122.4776,3905155,122.0162,123.3736
486,735941,121.8831,121.2,4614993,120.8629,124.0656
487,735942,121.5726,121.3508,4222329,120.4105,122.3001
488,735943,119.9757,119.3901,5333567,118.8046,120.162
489,735946,120.0466,120.5967,5143787,118.9022,120.783
490,735947,121.90090000000001,122.2469,4238546,121.7944,123.2938
491,735948,123.4269,123.5777,4345474,122.2469,123.8971
492,735949,123.6309,121.3242,4089539,120.9316,123.764
493,735950,121.0226,119.6829,10026106,119.1239,121.5105
494,735953,120.508,120.2152,5617475,118.9022,120.508
495,735954,120.5523,122.3711,4263828,120.3483,122.6018
496,735955,122.6994,122.9123,5164916,122.5308,123.591
497,735956,122.8147,122.655,1495226,122.5308,123.2139
498,735960,122.2025,122.0872,3143412,121.1379,122.4731
499,735961,122.655,124.0124,3943691,122.6106,124.2608
500,735962,123.835,123.622,2989367,123.5156,124.598
501,735963,123.3825,122.0961,3462077,122.0517,123.4091
502,735967,120.3039,120.6144,5229381,119.0973,120.6322
503,735968,121.3331,120.5257,3924793,119.6386,121.4484
504,735969,119.2215,119.9224,4310939,118.5473,120.2862
505,735970,118.6182,117.873,7025760,117.4915,119.7893
506,735971,118.1569,116.7818,4762706,116.5067,118.7212
507,735974,116.9414,118.2013,4974436,116.8971,118.7247
508,735975,118.5739,117.9085,5078678,116.3382,118.6892
509,735976,118.4408,116.3736,4700115,116.3115,119.1327
510,735977,117.0479,117.9174,5709615,116.418,118.6981
511,735978,115.3445,115.3622,9008460,114.3331,116.1164
512,735982,115.4332,113.6588,9979587,113.6145,117.1987
513,735983,105.0974,108.1138,16157796,104.6893,110.0036
514,735984,107.617,109.0454,8851641,106.9739,110.9884
515,735985,110.6069,108.6816,9238362,108.034,110.669
516,735988,108.3268,108.309,5445956,107.9186,110.2165
517,735989,108.4598,108.7615,4617777,108.451,109.6664
518,735990,108.8857,107.3154,5026367,107.0403,109.4535
519,735991,107.5815,108.4332,3942537,107.3597,108.9744
520,735992,109.3737,110.7133,8248087,109.0897,110.7133
521,735995,110.3673,110.7488,3574884,109.7552,111.1569
522,735996,109.7197,109.072,3287318,108.8058,110.1366
523,735997,110.0036,110.6512,6223534,108.4953,111.2988
524,735998,110.9706,113.2507,5266450,110.8996,114.0048
525,735999,112.8692,114.0669,7177706,111.6538,114.129
526,736002,112.9287,113.807,7364043,111.2526,114.282
527,736003,113.0362,111.1989,5957204,110.93,113.7622
528,736004,112.0324,107.7214,6469133,107.4077,112.2923
529,736005,106.4577,105.6241,7307632,104.7736,107.2464
530,736006,106.8879,108.4832,4936514,106.0723,108.4922
531,736010,109.1913,110.0068,4061382,108.7521,110.3205
532,736011,110.8762,113.0183,4820982,110.4639,113.4395
533,736012,116.5137,118.7095,9951644,116.2896,120.0987
534,736013,118.6289,119.2742,5125276,117.2665,119.785
535,736016,119.9553,119.8926,4457444,118.6737,120.3766
536,736017,119.3279,118.6647,3439731,118.3152,119.5699
537,736018,117.9029,119.0232,4122624,116.2269,119.6416
538,736019,119.4624,120.5469,4358305,117.3024,120.5558
539,736020,120.5558,118.3331,4386249,118.2614,120.9233
540,736023,118.3062,117.4368,4427994,117.3203,119.5251
541,736024,118.5213,120.4303,3788514,118.3331,120.6723
542,736025,119.8298,122.1601,5217230,119.3996,123.1819
543,736026,122.9847,123.5045,5156429,121.954,123.6481
544,736027,123.267,123.5045,3968423,122.8054,124.9564
545,736030,123.0385,125.6107,5170975,122.6726,125.9334
546,736031,125.2164,124.6428,5579131,123.1639,125.79
547,736032,124.8579,125.8437,4406481,124.7862,127.4212
548,736033,126.5876,125.6466,4020554,123.7644,126.7938
549,736034,127.0268,127.5915,4421948,125.9334,128.0966
550,736037,127.2778,127.9679,4048862,126.4084,128.3353
551,736038,127.0358,128.1292,3707538,126.8565,128.4608
552,736039,127.8245,129.7694,4221939,127.3674,129.85
553,736040,129.7604,131.7859,5821180,129.4646,132.0369
554,736041,132.1086,131.8308,12089716,130.4147,132.2072
555,736044,132.019,133.211,3721648,131.4992,133.2827
556,736045,132.7001,132.736,4081925,132.503,133.7936
557,736046,132.6464,130.3161,4764221,130.0741,132.6732
558,736047,129.9397,132.6015,5044535,129.5005,132.8435
559,736051,132.4223,133.0049,3265084,131.9562,133.2289
560,736052,132.2789,133.8384,3138545,132.1982,134.2238
561,736053,134.3941,133.0138,3331216,132.9332,134.8063
562,736054,134.2507,135.7384,6780567,133.8653,137.2173
563,736055,134.896,136.6974,3925531,134.6629,137.0918
564,736058,136.5361,136.2941,3931222,136.1507,137.5937
565,736059,135.7205,134.4389,3337012,134.1252,135.8729
566,736060,134.3492,134.4568,4194606,132.4761,134.5733
567,736061,133.6054,132.8704,3662968,132.6464,134.0804
568,736062,133.5964,133.8563,3293822,132.7539,134.4299
569,736065,134.6719,133.7667,3846128,133.7398,136.1866
570,736066,134.0893,134.1073,3595750,133.1662,134.5375
571,736067,135.1111,135.5413,3168392,134.1073,135.5413
572,736068,135.7833,135.4785,3176500,134.7794,136.9125
573,736069,135.371,135.9804,3657576,135.2993,136.321
574,736072,136.0073,136.7064,6581705,135.7743,137.2531
575,736073,131.2751,129.0613,13190162,127.8155,131.7053
576,736074,129.2764,130.9524,6754264,129.0613,131.9293
577,736075,131.3737,133.8115,6017675,131.2661,134.5464
578,736076,133.937,133.0945,5191902,132.1982,135.3351
579,736079,132.7898,133.3723,2848935,131.8487,133.453
580,736080,133.2289,133.61430000000001,2979800,132.5567,134.2507
581,736081,133.8563,134.8601,3111190,133.5157,135.138
582,736082,134.2148,131.8128,3791509,131.5036,134.6002
583,736083,131.293,130.8001,4225790,129.2325,132.0548
584,736086,131.3557,130.1996,3502443,129.4467,131.7501
585,736087,129.6439,129.1778,3584261,128.0754,129.868
586,736088,128.4877,129.2854,2577086,128.4429,129.9576
587,736089,130.809,131.275,6501228,130.3609,132.019
588,736090,131.085,133.2839,4895811,130.7321,133.8993
589,736093,133.6549,133.3292,4302433,133.0306,134.1074
590,736094,134.1436,135.7091,3992651,133.6911,135.7724
591,736095,135.4738,134.7861,3093008,134.5961,136.7226
592,736096,135.0214,134.6865,3249232,133.1211,135.1842
593,736097,134.6413,133.673,2398002,133.4016,135.6096
594,736100,133.6097,135.2476,3069126,133.4197,135.7272
595,736101,135.0214,133.9264,3490574,133.2839,135.2838
596,736102,133.9174,133.3292,2491086,132.4424,134.397
597,736103,132.551,131.1484,3685595,130.2661,132.9582
598,736104,131.8542,133.2477,3671462,131.7094,133.483
599,736107,133.5735,132.8134,2103786,132.7138,133.8812
600,736108,132.9129,134.2069,2929257,132.9129,134.6051
601,736109,134.768,137.2655,4358039,134.379,137.6275
602,736110,137.1388,137.9442,3062943,136.6864,138.0076
603,736111,137.8628,138.3062,2457112,137.6818,138.3876
604,736115,138.0528,139.1206,5836645,137.7904,139.1839
605,736116,138.451,138.0076,2663419,137.1298,138.6953
606,736117,138.08,138.9034,2642601,137.6546,138.9034
607,736118,137.908,138.3514,2328256,137.2746,138.4872
608,736121,138.5324,138.2066,2378662,137.8537,139.3106
609,736122,138.7315,138.7496,4464985,138.1433,139.2925
610,736123,138.9306,139.3559,2935036,138.4872,139.4373
611,736124,138.3786,138.831,2021796,138.2066,139.1387
612,736125,138.2609,137.8809,3120563,137.4194,138.7495
613,736128,137.2112,136.8945,3610407,135.9896,137.9985
614,736129,136.8945,136.6954,2865833,136.0982,137.356
615,736130,137.0574,136.3516,2260406,136.2792,137.3583
616,736131,135.9082,136.6954,2449064,134.8313,136.9081
617,736132,136.6049,137.537,4663870,136.2832,138.1976
618,736135,138.089,139.003,3572102,138.0166,139.9622
619,736136,139.5007,139.4011,2760344,139.0753,139.8707
620,736137,139.1296,138.3786,2833664,137.7904,139.9984
621,736138,138.8582,140.5775,3969369,138.089,140.6951
622,736139,135.7091,132.6505,9082793,132.2795,136.2882
623,736142,132.2795,129.8543,5166665,128.9494,132.6595
624,736143,131.0126,131.8451,3997694,130.5059,131.8723
625,736144,132.5691,134.3427,3367736,132.5238,134.3608
626,736145,134.7046,137.347,3967126,134.5327,137.4646
627,736146,137.718,137.8628,2658280,137.0031,138.4238
628,736150,136.8131,137.2565,2465240,136.424,137.5461
629,736151,137.4103,137.8809,2569393,135.6638,137.9171
630,736152,138.2247,138.089,2138421,137.4465,139.0745
631,736153,139.3559,139.7721,3040593,138.5234,139.8988
632,736156,139.8988,140.5594,2833712,139.8083,141.2019
633,736157,141.1657,142.1068,3843793,140.7313,142.1792
634,736158,142.7493,142.9936,2746439,142.1249,143.2832
635,736159,143.7085,145.0387,4637644,143.5004,146.0522
636,736160,144.6948,144.5862,4476810,143.428,144.7672
637,736163,144.1519,144.6586,6729685,143.6361,145.464
638,736164,146.3961,144.4053,7120017,142.876,146.7218
639,736165,144.7582,146.016,4376286,144.4234,146.3327
640,736166,145.464,145.1925,4048975,144.6858,146.4594
641,736167,145.4911,146.6585,2520077,145.2188,146.749
642,736170,146.5951,147.1833,2804578,146.3689,147.3915
643,736171,147.1833,146.7037,2894559,146.025,148.043
644,736172,146.7037,146.4413,2162680,145.8531,147.1109
645,736173,146.0341,146.025,2340369,145.4278,146.4232
646,736174,146.016,145.3464,3547546,144.8125,146.2965
647,736177,145.3735,146.0974,2823588,144.6405,146.2784
648,736178,145.9346,145.3102,3080899,145.1111,146.0973
649,736179,144.903,145.3916,2861659,144.6043,145.5635
650,736180,145.5635,146.1879,2489068,144.8939,146.3237
651,736181,146.5951,147.9525,3812370,146.206,147.9615
652,736184,148.5276,147.8978,3039306,147.4779,149.0204
653,736185,148.0621,147.6513,2737530,147.5373,148.5659
654,736186,148.0347,147.9343,2466675,147.8202,148.4637
655,736187,148.0895,149.2577,8768585,148.0256,150.5538
656,736188,148.9474,147.8156,2543079,147.4232,149.1939
657,736191,148.2264,147.7517,2970415,147.6605,148.7466
658,736192,147.0489,146.6747,2210229,146.6656,147.7974
659,736193,146.9212,146.4374,3225919,145.8898,147.0946
660,736194,146.8482,147.2771,3652013,146.4375,147.8613
661,736195,146.8025,146.0723,2815184,145.5977,146.8664
662,736198,146.0358,146.0358,2039331,145.2418,146.5561
663,736199,146.337,146.2731,2838137,146.2458,147.2589
664,736200,145.9354,145.1687,3645837,144.5024,146.2001
665,736201,145.1231,144.7854,2575023,144.5937,145.616
666,736202,145.0136,144.5024,2498909,144.0735,146.4374
667,736205,144.9679,145.7803,2475879,144.6667,146.2275
668,736206,145.8168,145.4882,1813343,144.9497,146.1727
669,736207,145.7255,145.0136,2323649,144.4477,145.7255
670,736208,144.5024,145.616,2358385,144.3017,145.689
671,736209,145.9263,145.6251,2315366,145.26,146.5561
672,736213,145.9263,146.3553,2994056,145.2235,146.8208
673,736214,146.2092,147.5327,2867257,146.0358,147.6422
674,736215,146.5378,145.1231,3963164,144.904,147.1402
675,736216,144.2378,142.102,5185972,142.0655,144.5755
676,736219,141.7095,144.4751,4367529,141.3262,144.6941
677,736220,143.8727,142.2115,3636719,141.9286,144.1465
678,736221,142.1111,140.6051,3860553,140.0027,142.2663
679,736222,140.8333,142.0746,3662573,139.8384,142.6861
680,736223,141.5087,140.4134,6463644,140.0757,141.8373
681,736226,141.3536,141.3536,2450117,141.0615,142.5583
682,736227,142.2663,140.9702,2159092,140.9702,142.9052
683,736228,141.3901,141.9559,2473895,140.4408,142.0929
684,736229,142.5218,142.4853,2691115,142.102,143.4985
685,736230,142.0381,141.454,2702153,141.2075,142.4214
686,736233,140.9793,140.5412,2533325,140.0666,140.9793
687,736234,140.8516,143.0877,2987195,140.3861,143.0877
688,736235,143.2885,144.4751,3310008,142.5949,144.7808
689,736236,144.7854,144.3108,3374838,143.7175,150.5994
690,736237,145.0318,144.9862,3596878,144.2651,145.888
691,736240,144.2651,143.8544,2227800,143.3159,144.5481
692,736241,143.9092,142.8048,2884146,142.2206,144.6941
693,736242,143.3615,143.3707,1684458,143.0421,144.0552
694,736243,143.1516,143.1881,1950106,142.2845,143.6901
695,736244,143.4254,142.0837,2671852,141.3444,143.9366
696,736247,143.033,143.3159,2481288,142.9828,144.6576
697,736248,143.0512,141.2805,2901326,140.4591,143.252
698,736249,141.4448,140.8242,2963968,139.7198,141.4448
699,736250,140.2857,140.3039,2909948,138.9805,140.7603
700,736251,140.9885,140.9702,4358197,140.6416,141.9559
701,736254,140.9702,141.2623,5890421,140.8698,142.2845
702,736255,136.92680000000001,137.5657,12770570,134.8915,137.8213
703,736256,138.0677,138.0586,4632854,137.6661,139.1448
704,736257,138.0769,138.2959,4023103,137.8396,139.5555
705,736258,137.438,136.5709,4414206,136.507,137.9582
706,736261,137.2737,137.4288,2666740,137.2737,138.2959
707,736262,137.5384,137.7118,2647487,136.7534,137.9673
708,736263,137.5566,138.5606,2811728,137.1413,139.592
709,736264,139.4825,139.9662,4229336,138.7523,140.6142
710,736265,140.6051,139.2908,3654496,138.8983,140.9611
711,736268,139.4277,140.2765,3553172,139.4277,140.8607
712,736269,140.1031,139.4551,3191924,138.4967,140.4773
713,736270,139.1721,138.6884,3074438,138.4328,139.9616
714,736271,139.1995,139.0717,2878803,138.5515,140.3222
715,736272,139.0991,139.1265,2470368,138.6154,140.2309
716,736275,140.5504,142.1294,3804943,140.4134,142.4853
717,736276,142.3503,142.9121,3921944,140.9688,143.6121
718,736277,140.8767,142.5806,5403688,139.0716,143.2713
719,736278,145.2054,147.5632,7715807,145.141,148.429
720,736279,147.333,148.5303,4446630,146.7435,148.5947
721,736282,148.5119,145.712,5196498,145.1318,149.0737
722,736283,145.9054,146.1357,3476996,145.1041,146.5777
723,736284,145.9423,146.7067,2252806,145.5462,146.9461
724,736285,146.6422,147.1764,2261195,146.3014,147.2961
725,736286,147.1764,147.7198,2981633,146.633,148.0237
726,736289,147.9961,149.9118,4637097,147.7011,150.1236
727,736290,150.1236,149.8197,2770789,149.1566,150.1236
728,736291,149.1473,149.1842,2256165,148.6092,149.5526
729,736293,149.046,150.2526,1605344,149.046,150.2986
730,736296,150.3078,151.5235,4449355,149.8473,151.6525
731,736297,151.0446,150.6117,3148196,150.1512,151.4222
732,736298,150.446,149.4052,4397817,149.396,150.8604
733,736299,149.1566,147.1948,4635665,145.7949,149.3822
734,736300,146.4396,147.379,2740867,145.8962,147.6277
735,736303,148.1435,147.2132,3447052,146.9807,148.4198
736,736304,147.4803,147.6829,2858962,146.3751,148.0882
737,736305,147.9132,151.7722,4435050,147.7198,152.1314
738,736306,151.8459,152.2972,3266436,151.2472,152.8866
739,736307,152.1314,153.3655,3146930,151.6011,153.5497
740,736310,153.5497,152.4261,3392030,152.0301,153.6142
741,736311,152.5919,154.9957,5932271,152.5919,156.5264
742,736312,155.0694,155.1983,4124161,154.2221,156.4693
743,736313,154.7378,154.747,3388570,154.526,156.4325
744,736314,155.622,153.559,7120572,152.9419,155.7509
745,736317,153.6511,153.5129,2955906,152.8866,154.0471
746,736318,154.2589,154.3602,2174569,153.3011,154.9589
747,736319,153.1169,154.1116,3575721,152.1959,154.6734
748,736320,154.1392,153.8629,2802631,153.4208,154.9405
749,736321,153.8076,153.5405,1701228,153.3011,154.2589
750,736325,153.7892,153.9366,1397455,153.6695,154.7102
751,736326,154.0747,153.0616,1757500,152.8866,154.4892
752,736327,152.905,153.4392,1663542,152.8866,153.7984
753,736328,153.2919,152.8774,2952825,152.4261,153.5313
754,736332,153.8076,153.9826,2934299,152.8958,154.6089
755,736333,154.5168,155.8891,3381432,154.1392,156.4509
756,736334,155.8799,155.3733,2682301,154.0471,156.0088
757,736335,155.3641,156.1378,2945536,154.2865,156.497
758,736338,156.0825,154.4063,3189891,154.3786,156.3864
759,736339,154.7102,152.4445,4118694,152.2788,154.8115
760,736340,152.9327,154.4984,3599464,152.5182,154.5076
761,736341,154.5168,154.6826,2927973,152.4814,154.7378
762,736342,154.701,154.1208,2875433,153.6925,155.1707
763,736346,153.5221,154.6273,3315655,152.9972,154.8944
764,736347,154.2221,153.6234,4007779,153.5221,155.272
765,736348,153.7708,153.6326,6963386,152.7024,154.2221
766,736349,154.5536,157.0772,12690029,152.8866,157.1601
767,736352,156.6443,157.5193,5478224,156.5798,157.7219
768,736353,157.8232,162.0046,6952369,157.639,162.0967
769,736354,162.3361,164.2058,5922462,162.2164,165.0899
770,736355,163.9939,164.5465,3063924,163.4874,164.7491
771,736356,164.3715,163.294,3482105,163.294,165.0439
772,736359,162.9992,161.9125,4094755,160.7859,163.0821
773,736360,161.2217,160.7336,4138962,159.8955,161.7098
774,736361,161.1757,160.5217,2795745,159.2323,161.8227
775,736362,160.4665,160.7888,2620526,159.8402,161.148
776,736363,161.1757,161.9309,3309288,161.0743,162.4098
777,736366,161.4612,161.9677,2650785,160.6046,162.0782
778,736367,162.0967,164.3623,3873455,162.0046,164.5097
779,736368,164.7708,163.5362,2913126,163.267,164.7708
780,736369,163.5362,164.5016,3090710,163.2948,165.0493
781,736370,164.6501,165.8662,2930710,164.0839,166.0426
782,736373,166.386,166.4974,3093372,166.0147,166.9987
783,736374,165.7641,167.2122,2776528,165.5598,167.2122
784,736375,167.2772,168.651,2914292,166.9151,168.8738
785,736376,168.4375,168.419,3251547,167.8991,169.6814
786,736377,168.2519,167.7135,3552495,167.0915,168.5489
787,736381,167.6485,167.3329,4480299,166.2746,167.8249
788,736382,167.175,168.159,3020540,167.175,168.3354
789,736383,168.9481,168.6232,2282526,167.9455,169.4122
790,736384,167.2864,168.3447,3300093,166.9894,168.4746
791,736387,168.1962,166.5345,3691327,166.4231,168.2519
792,736388,166.516,166.9244,3273420,166.4881,167.6763
793,736389,167.5371,168.9017,3005564,167.1194,169.4586
794,736390,168.8367,167.5835,2918183,167.4907,168.8367
795,736391,167.1286,167.1379,1825048,166.8733,168.3168
796,736394,166.8316,167.5278,3204434,166.6923,168.0105
797,736395,167.7506,167.4443,2980516,167.2769,168.289
798,736396,167.7877,166.5809,3557396,166.4417,167.9734
799,736397,166.3025,164.4737,5444076,163.267,166.3953
800,736398,165.4299,165.0771,3100326,164.6965,166.6181
801,736401,165.0957,163.8054,3482189,163.7636,165.2906
802,736402,163.5455,163.1184,3147497,162.6459,164.1396
803,736403,163.1092,163.202,3815537,162.218,163.6383
804,736404,165.6619,164.5294,4311848,164.1396,166.1632
805,736405,163.6476,163.0535,5920967,163.0535,164.1117
806,736408,163.0535,163.0999,2476125,162.58,163.5455
807,736409,163.3876,161.4104,3927741,161.3733,163.5919
808,736410,161.5589,162.2459,3450512,160.4078,162.5058
809,736411,161.921,162.283,3739976,161.1133,163.072
810,736412,162.5615,161.364,3221675,160.9555,162.9142
811,736415,160.3057,161.3083,3259049,159.7522,161.6703
812,736416,161.4661,161.9952,3523870,160.5935,162.4501
813,736417,161.8003,161.4661,3085606,161.0205,161.9766
814,736418,161.3918,161.3918,3168254,161.234,162.0695
815,736419,161.5032,161.6517,2913684,161.234,162.4037
816,736422,161.3547,161.9859,4286498,160.9463,162.3294
817,736423,161.0762,162.0045,3108885,160.8349,162.4129
818,736424,162.1716,160.4821,6238894,160.4171,163.6847
819,736425,161.0298,160.0829,3435403,159.8973,161.0298
820,736426,159.7395,159.7952,3588302,158.9968,160.5285
821,736429,160.1572,158.9226,3789936,158.7369,160.1851
822,736430,158.412,158.347,4891911,156.8618,158.9504
823,736431,158.7741,158.4213,3276931,157.8272,158.9226
824,736432,157.7344,157.3723,3205462,157.3723,159.0711
825,736436,157.5766,158.8298,3720218,157.4559,159.0154
826,736437,158.542,157.8551,6345465,157.6508,159.3774
827,736438,150.1596,150.0946,19284284,148.1545,150.9765
828,736439,149.7511,150.6608,6487379,148.9899,150.7537
829,736440,150.4288,148.8785,5607756,148.8785,150.4845
830,736443,149.7233,149.222,5320608,148.9157,149.9832
831,736444,150.1781,148.8878,4860407,148.8785,150.4195
832,736445,149.0178,148.5815,4328001,148.4237,149.5469
833,736446,148.795,148.8228,4122943,148.1823,148.9714
834,736447,148.9899,148.795,4154147,148.2473,149.0735
835,736450,148.5722,147.449,4935312,147.319,148.9157
836,736451,148.0059,147.6903,3208239,147.2633,148.0524
837,736452,147.3561,147.254,3993396,147.1519,148.0152
838,736453,147.4954,147.6439,4280613,147.0034,147.7275
839,736454,142.5105,143.9308,12521335,142.0278,144.6084
840,736457,143.2277,143.4433,7491966,142.6653,143.8557
841,736458,143.0402,142.5809,6853043,142.0609,143.5089
842,736459,142.1507,141.7748,4999861,141.6623,142.8246
843,736460,141.5873,141.2124,5627964,140.4063,141.6811
844,736461,140.8843,140.9499,3715702,140.6031,141.7889
845,736464,141.1843,142.0185,4245471,141.0251,142.3185
846,736465,142.1591,144.0526,5513690,142.1591,144.3432
847,736466,143.6964,141.4749,5191494,141.4374,144.4838
848,736467,141.4092,141.3343,3274371,140.7062,141.8498
849,736468,141.5498,142.4591,5643264,141.4374,142.909
850,736471,142.5716,143.0777,3302539,142.1021,143.2652
851,736472,143.0121,142.5059,2564503,142.4028,144.0526
852,736473,142.6747,142.9559,3732399,141.7561,143.1902
853,736474,143.6495,143.6026,2582815,143.3645,144.0994
854,736475,143.2746,142.9371,2443507,142.5341,143.4152
855,736479,142.431,142.2247,3666032,142.0935,143.1059
856,736480,142.5059,143.0684,3543404,142.1498,143.2277
857,736481,143.2277,143.1059,2918126,142.131,143.2933
858,736482,143.4808,142.5247,3585701,142.2904,143.6026
859,736485,142.3091,142.8621,3975268,142.1803,143.3496
860,736486,142.4778,142.8246,3797173,142.4778,143.3121
861,736487,143.462,141.5217,4865712,141.353,144.54
862,736488,141.5405,142.5716,3708962,141.4655,143.2465
863,736489,142.4778,144.4463,4361460,142.3653,144.6009
864,736492,144.5306,145.4586,6471479,144.3713,147.3521
865,736493,145.7023,144.5869,3523529,144.4931,145.7398
866,736494,144.3244,144.1744,3049726,143.3589,145.2336
867,736495,143.687,144.5588,4654297,143.687,144.9993
868,736496,144.5681,145.6461,6741963,143.3848,145.6836
869,736499,145.7679,145.1399,4629592,144.8587,146.096
870,736500,144.8025,145.243,4481843,144.5869,145.6545
871,736501,146.0304,144.1557,3959668,143.7807,146.0304
872,736502,144.8681,144.7275,2376819,144.062,145.2805
873,736503,144.6712,144.4556,3282205,144.1651,144.9899
874,736506,145.0181,145.5055,2153494,144.9431,145.9929
875,736507,145.2899,145.0555,2386491,144.8212,145.6086
876,736508,145.4305,145.5898,2220954,145.0837,145.8054
877,736509,145.618,144.4744,3262159,143.9963,145.9835
878,736510,144.615,144.1932,3571536,143.5464,144.8212
879,736513,143.9588,145.8336,2822651,143.9026,146.2507
880,736515,146.0116,144.0432,3564354,144.0057,146.1241
881,736516,143.7526,142.8153,2757522,142.6934,144.1932
882,736517,143.059,143.3589,2460060,142.6091,143.8745
883,736520,143.3308,143.8089,3206209,143.0684,144.2494
884,736521,143.6589,143.5933,3447509,142.5247,144.0245
885,736522,143.8651,144.0713,3097850,143.462,144.5775
886,736523,144.0713,144.0057,2476112,143.5933,144.5306
887,736524,144.3619,144.5775,3256372,143.7901,144.929
888,736527,143.9682,143.4246,4762592,142.7027,144.24
889,736528,142.8153,144.3525,7566818,142.4778,144.6244
890,736529,140.6219,138.2878,14293610,137.5192,140.8375
891,736530,138.2878,138.4097,7212233,137.8192,139.5064
892,736531,138.3441,137.866,6509459,137.3317,138.6066
893,736534,137.7911,136.8443,3877593,136.6662,137.8285
894,736535,137.388,137.0318,4208895,136.8818,138.2504
895,736536,137.1068,136.2538,3932361,135.4195,137.2849
896,736537,135.9163,135.982,6430841,134.6415,136.2866
897,736538,135.7382,135.2508,3054834,134.829,135.9538
898,736541,135.3352,135.607,4355718,135.1383,135.8507
899,736542,135.9163,136.0663,2549397,135.3539,136.2819
900,736543,136.0288,135.4008,3540949,135.1852,136.1882
901,736544,135.3821,135.8601,3035393,135.3821,136.235
902,736545,135.9163,136.0663,2549400,135.3539,136.2819
903,736548,135.9163,134.4822,4618284,133.8073,136.0007
904,736549,134.5106,134.6148,3298718,134.5106,135.2305
905,736550,134.2738,134.2927,2925770,133.7433,134.539
906,736551,134.1696,134.359,4525378,133.7812,134.9084
907,736552,134.9369,134.359,3004360,134.0559,135.0695
908,736555,134.5106,134.8137,2248607,134.4538,135.2305
909,736556,135.0316,134.5769,4681545,133.1655,135.7799
910,736557,134.3117,134.9842,3287821,134.1412,135.3726
911,736558,135.0032,133.2792,4422087,133.2792,135.3536
912,736559,133.4402,132.3319,4152714,132.2182,133.7054
913,736562,132.2277,132.9287,3190691,131.792,133.0139
914,736563,133.2223,133.5728,2544446,132.976,133.7054
915,736564,133.2792,134.6432,4048317,133.2602,135.5052
916,736565,134.9842,135.401,3592183,134.7474,136.102
917,736566,135.742,136.1588,2872893,135.6947,136.5851
918,736569,136.5093,134.9937,5134463,134.88,136.9356
919,736570,134.6053,135.5905,3009520,134.4159,135.8604
920,736571,135.7041,135.0411,2735966,134.899,135.7231
921,736572,135.4768,135.4863,3656428,135.1074,136.083
922,736573,135.4389,136.4809,3351733,135.4389,136.8787
923,736577,135.9315,135.4957,3098735,135.1737,136.7438
924,736578,136.2914,136.2346,3273344,135.9315,136.8503
925,736579,136.4998,135.3631,4188158,134.899,137.0114
926,736580,135.5999,134.9369,3366169,134.1696,135.5999
927,736583,135.9694,137.2197,4613381,135.4673,137.4755
928,736584,137.4566,138.0723,5238148,136.8882,138.6501
929,736585,137.6839,138.2901,4100980,137.6744,138.5743
930,736586,138.167,137.8639,3756861,137.8355,138.6596
931,736587,137.1819,137.1819,7397233,136.4809,137.5134
932,736590,137.1724,136.9261,3019514,136.6609,137.807
933,736591,137.1534,136.7745,3464383,136.6135,137.3334
934,736592,137.2861,138.1859,5447519,136.803,138.1859
935,736593,137.9681,137.5987,2555596,137.4471,138.1965
936,736594,137.9112,137.4755,2792323,136.964,137.9112
937,736597,137.466,138.1765,5213144,137.2671,138.328
938,736598,138.6406,138.8301,4488620,138.2428,139.6447
939,736599,138.9438,137.9776,3502736,137.3808,139.1522
940,736600,137.665,137.9776,2774788,136.604,138.167
941,736601,137.7786,137.4281,2654731,137.2766,138.006
942,736604,137.6839,138.9248,2973224,137.5513,139.119
943,736605,138.9532,139.0385,2302724,138.6217,139.4362
944,736606,139.2469,138.7543,2244433,138.4038,139.2658
945,736607,138.9438,138.9816,2686539,138.7543,139.7584
946,736608,138.9059,138.7543,2623184,138.6027,139.1048
947,736611,138.7732,139.6163,2682556,138.6312,139.9952
948,736612,139.9194,140.6678,4032601,139.8626,141.094
949,736613,140.573,139.8342,3702238,139.5121,140.6393
950,736614,139.7773,139.2753,3264344,139.029,140.0899
951,736615,139.7016,139.3416,2506584,139.19,140.052
952,736618,139.4553,139.0858,3052091,138.7827,139.8815
953,736619,138.8964,138.8111,6372393,138.4701,139.3605
954,736620,148.8331,151.116,30490192,148.6721,152.7264
955,736621,151.3718,152.4138,9914169,150.6945,152.4706
956,736622,152.5748,153.5221,7868803,151.3434,153.9104
957,736625,153.5031,151.135,5779378,151.1255,153.9388
958,736626,151.2297,147.6585,8194690,146.9869,151.2771
959,736627,147.7817,145.3993,5444800,144.9873,148.1227
960,736628,146.1713,145.4988,4300543,145.4419,146.9386
961,736629,146.3892,145.5746,4895186,144.8461,146.4745
962,736632,145.6503,146.2187,4210402,144.6557,146.4366
963,736633,146.1903,145.9345,4328258,144.8641,146.7586
964,736634,145.9724,145.9061,3240246,145.7166,146.7302
965,736635,146.0482,145.262,3397628,144.8452,146.3418
966,736636,145.3283,143.5853,4431825,143.5001,145.3756
967,736639,143.7653,142.8843,4498871,142.3539,143.8127
968,736640,143.3864,143.3674,3701052,142.5623,143.519
969,736641,143.6043,143.5758,4634439,142.3539,143.7884
970,736642,143.4418,143.7958,4776056,143.3749,145.2309
971,736643,144.1307,142.7052,4307276,142.686,144.3603
972,736646,142.4373,141.9781,5107546,141.5188,142.5521
973,736647,141.5475,142.4469,3757951,141.1074,142.5234
974,736648,141.5954,140.7343,4773328,139.8838,142.2699
975,736649,141.337,142.6669,5446453,141.117,143.174
976,736650,142.8774,142.5234,4916500,142.3894,143.6523
977,736653,144.1211,143.9967,5676495,143.4131,145.3744
978,736654,144.7526,145.3744,3756184,144.6569,145.8528
979,736655,145.4223,145.2022,3213596,144.7813,145.7954
980,736657,145.3744,145.2692,1193025,144.7813,145.6136
981,736660,145.4797,145.4031,3374042,145.0587,145.8911
982,736661,145.7571,145.8719,3973670,145.1352,146.312
983,736662,146.1972,146.9052,5098702,145.5849,146.9626
984,736663,147.0009,147.307,6500769,146.4555,147.728
985,736664,147.7184,148.0628,5567852,146.2953,148.3116
986,736667,148.9334,149.6893,4664316,148.3594,150.0145
987,736668,149.6797,148.6273,5068043,147.9863,149.9571
988,736669,148.9526,147.4314,3410728,147.4218,149.4596
989,736670,147.3644,146.9243,3771429,146.6277,147.7662
990,736671,147.2783,148.1107,3520281,146.9052,148.3211
991,736674,148.2637,148.6847,4102719,147.8811,149.1439
992,736675,148.4838,149.9571,6321801,148.4455,151.0191
993,736676,149.8232,147.2496,5661618,147.2305,149.9476
994,736677,147.8141,147.3357,4637440,147.0487,148.3977
995,736678,147.0965,145.9006,11279854,145.451,147.1444
996,736681,146.7712,146.6947,5092838,146.5799,147.5079
997,736682,147.4649,146.599,4116449,146.4651,147.4984
998,736683,147.0009,146.3312,3785667,146.1685,147.2305
999,736684,146.5416,144.9439,4153935,144.9343,146.8191
1000,736685,145.1448,145.9006,2990583,144.9439,146.379
1001,736689,145.9102,146.2163,2479017,145.9006,147.2018
1002,736690,146.3312,146.5034,2149257,146.0059,146.5512
1003,736691,146.5703,147.374,2687624,146.5703,147.4505
1004,736692,147.4984,146.7808,3327087,146.776,148.0246
1005,736696,147.8141,147.5749,4202503,146.8956,148.1107
1006,736697,150.5312,151.6314,9441567,149.5649,152.8943
1007,736698,152.7412,154.7025,7556249,152.4733,155.2992
1008,736699,155.4105,155.4583,5195764,154.1294,155.8506
1009,736702,155.621,156.3959,5237523,154.7035,156.8121
1010,736703,156.8073,156.7403,4341810,156.0036,157.41
1011,736704,155.8601,157.0752,4174105,155.4679,157.2187
1012,736705,157.6684,157.0943,3794453,156.2333,157.8023
1013,736706,156.9221,156.0802,5031886,155.9749,157.6109
1014,736710,157.9554,156.7595,7794195,156.2811,158.1371
1015,736711,160.7394,161.3517,11710033,160.0219,161.8065
1016,736712,162.6433,161.8014,14259345,160.8734,163.7244
1017,736713,157.3431,155.3435,21172488,154.3198,158.2424
1018,736716,154.5207,155.5636,8480795,154.138,156.8838
1019,736717,155.774,159.0556,7466232,155.4775,159.0652
1020,736718,159.534,158.2137,5645003,157.6875,161.4187
1021,736719,158.7303,158.3094,3302520,158.0415,159.5627
1022,736720,158.9312,160.0984,3787913,158.6155,160.1694
1023,736723,160.2037,159.5818,3516995,158.826,161.103
1024,736724,159.0173,156.5394,4902341,156.0945,159.5531
1025,736725,156.6638,156.616,4072830,155.7176,157.8501
1026,736726,156.128,155.3722,4434242,154.8938,157.0273
1027,736727,154.7025,152.148,5251938,151.9914,154.9895
1028,736730,151.0574,145.9293,8746599,143.5088,151.641
1029,736731,143.7863,148.6177,9867678,142.6573,148.7612
1030,736732,147.4984,147.1922,6149207,146.6469,148.6177
1031,736733,147.3178,142.5934,6779095,142.5064,147.9748
1032,736734,143.5692,144.4484,7828290,139.507,145.4435
1033,736737,145.7913,146.2744,5881377,145.2116,147.2406
1034,736738,145.7913,145.6464,4891010,144.574,146.0609
1035,736739,145.1054,149.5207,5479033,144.9218,149.7525
1036,736740,150.2356,150.7283,5623581,148.4965,151.5496
1037,736741,150.4385,150.8926,4282908,150.4192,152.4486
1038,736745,150.5158,149.9071,4489604,148.6608,150.68
1039,736746,150.168,148.7477,3728571,148.6898,151.4819
1040,736747,149.2695,147.9941,4024627,147.6173,149.7912
1041,736748,149.0762,150.2549,3256074,148.854,150.5786
1042,736751,150.5351,153.2113,3610292,150.2453,153.5012
1043,736752,153.0954,151.2501,4237283,151.2307,154.3707
1044,736753,152.1679,150.5544,3803512,150.5254,152.7861
1045,736754,150.2646,148.6028,4039339,147.6173,151.6599
1046,736755,147.6173,149.2598,3261141,146.7382,149.5207
1047,736758,148.9023,151.6365,3670630,148.5448,152.1582
1048,736759,151.9553,150.4482,3685736,149.904,152.5447
1049,736760,149.7525,152.9601,4607677,149.4917,153.4529
1050,736761,153.6171,150.9216,6455612,149.8202,154.1678
1051,736762,152.1389,153.9166,5022238,151.9747,154.1799
1052,736765,154.2354,154.8345,5063497,153.4915,155.5687
1053,736766,154.6702,153.9263,4185590,153.4335,156.6239
1054,736767,154.7475,152.7669,3631825,152.3998,155.2402
1055,736768,153.3369,154.2065,3870595,153.1534,155.7909
1056,736769,154.6412,154.8345,9262656,154.2354,156.4962
1057,736772,154.3031,152.023,5481983,151.1534,154.4769
1058,736773,152.1872,150.9119,4336738,150.0327,152.5833
1059,736774,151.2694,151.3853,3482184,150.6414,152.8442
1060,736775,149.7525,146.941,4746349,146.8541,149.994
1061,736776,147.0956,143.8494,4440883,143.5122,147.4145
1062,736779,146.0908,148.1777,4103904,145.1923,148.455
1063,736780,148.7381,146.7671,3883745,146.0425,149.6266
1064,736781,146.9217,147.3565,3664826,146.7478,148.6511
1065,736782,147.8879,148.2357,3419959,145.9652,148.6801
1066,736786,148.1487,144.9894,5150435,143.405,148.1874
1067,736787,145.6947,144.7769,4135696,143.2794,145.8879
1068,736788,142.8832,148.9023,4805261,142.4581,149.2405
1069,736789,149.2115,148.8154,3185388,148.1487,149.6752
1070,736790,148.2647,145.4725,3672919,144.4774,148.7381
1071,736793,146.6609,147.5207,4413178,146.6061,149.424
1072,736794,149.7815,150.1293,3955952,149.511,151.3032
1073,736795,149.1439,150.1003,3306539,148.6704,150.5061
1074,736796,151.4433,152.7186,5639444,151.366,153.5978
1075,736797,153.2983,151.4046,4057058,150.6317,153.8297
1076,736800,152.6413,152.5447,4186755,152.3321,153.7524
1077,736801,153.4432,155.4624,10207534,153.1437,156.5155
1078,736802,146.9894,143.7528,20381695,143.2407,147.4628
1079,736803,144.1392,142.6997,8086056,141.6562,144.1558
1080,736804,142.8929,139.9945,8265643,139.6177,142.9605
1081,736807,140.1201,140.922,5315625,139.4438,141.0186
1082,736808,141.55,140.6321,4916476,139.637,142.3132
1083,736809,140.8543,140.9993,7324654,139.2322,141.4437
1084,736810,141.6369,141.7528,4265812,141.2505,142.3712
1085,736811,141.8688,141.521,3205482,140.7287,142.2649
1086,736814,141.8881,140.0524,4415533,140.0524,142.3905
1087,736815,139.7529,140.0911,4433393,138.6129,140.1104
1088,736816,139.5694,137.6274,5194917,137.2603,139.9172
1089,736817,137.3182,137.183,5018592,135.1637,137.4149
1090,736818,136.3231,139.038,4402170,135.5309,139.4631
1091,736821,139.1249,138.3713,3657009,137.8113,139.4341
1092,736822,138.1588,138.1588,5369119,137.2506,138.6486
1093,736823,138.6179,139.3115,4195953,138.0123,139.712
1094,736824,139.839,140.9038,3726608,139.7022,140.9917
1095,736825,140.7768,140.8061,3073167,140.2591,141.4997
1096,736828,141.1285,140.9624,3216062,140.8061,141.7634
1097,736829,140.1809,140.4154,4089397,139.61430000000001,140.6596
1098,736830,140.3763,141.2848,3168659,139.9562,141.6731
1099,736831,141.1578,141.1578,3147659,140.4447,141.8318
1100,736832,141.1285,140.7475,2682243,140.6596,141.5876
1101,736835,141.5974,142.1249,2894698,141.3336,142.6622
1102,736836,142.1542,141.7341,2284020,141.6462,142.8224
1103,736837,141.0112,141.3238,3459747,140.1614,141.3531
1104,736838,141.0503,140.7377,3398701,139.6436,141.1382
1105,736839,140.5717,140.3177,4914294,140.1418,141.2262
1106,736843,139.2333,137.9536,4537638,136.967,139.585
1107,736844,138.6179,139.3213,5118530,138.5398,139.7902
1108,736845,139.5069,138.0416,6830256,137.7876,139.5069
1109,736846,139.1357,138.6668,3857530,138.3444,139.5362
1110,736849,139.0087,139.7315,3035257,138.8914,139.8585
1111,736850,139.7413,140.3763,2836017,139.7315,140.7475
1112,736851,141.0015,141.3629,3220139,140.22,141.3727
1113,736852,141.6462,141.9979,4316484,141.5778,143.3069
1114,736853,141.6462,142.7598,5210468,141.0308,143.0431
1115,736856,143.2287,143.1897,3259986,142.7598,144.0005
1116,736857,143.6976,143.473,2640515,143.2287,144.1079
1117,736858,143.3948,142.965,2968180,142.8185,144.0591
1118,736859,143.258,141.8416,3326343,141.7341,143.5804
1119,736860,141.5485,142.0272,9116048,140.3763,142.1053
1120,736863,140.8452,141.1382,4286406,139.8292,141.1773
1121,736864,139.8097,140.5717,3487015,139.6436,140.8843
1122,736865,140.8843,139.331,3329917,139.1161,141.1773
1123,736866,139.292,137.9829,3887650,137.5727,139.8292
1124,736867,138.3639,138.0123,6013678,137.5238,138.53
1125,736870,137.1526,135.5798,8937085,135.0816,137.1526
1126,736871,136.1367,135.8631,4139455,135.1305,136.6152
1127,736872,135.8924,134.3001,4097588,134.2708,136.5469
1128,736873,134.9058,136.8009,4523666,134.7544,137.2894
1129,736874,137.0745,136.4688,3753684,136.3809,138.0894
1130,736877,135.0816,136.6251,3405642,135.0035,136.9768
1131,736878,137.3968,136.3418,1963232,136.1443,137.6801
1132,736880,137.2308,138.1588,3744730,136.6935,138.1588
1133,736881,138.2565,139.1845,2910426,137.9048,139.6339
1134,736884,139.292,141.0503,3904652,139.1747,141.3727
1135,736885,141.1675,141.3629,3776991,140.9184,142.2226
1136,736886,140.6693,141.5876,3526565,140.6693,142.8087
1137,736887,142.4765,143.0627,3119505,142.3691,143.4339
1138,736888,143.0627,142.5254,3067638,142.4277,143.5803
1139,736891,142.3007,142.0956,3468817,140.8745,142.4179
1140,736892,141.402,140.1711,5096741,140.0246,141.6462
1141,736893,140.1907,141.1773,6935288,139.4337,141.4508
1142,736894,144.4303,145.7881,14655804,143.8442,147.0581
1143,736895,145.1434,142.965,6415972,142.8771,145.4169
1144,736898,142.965,142.33,3897892,141.6609,143.3069
1145,736899,143.3069,142.9943,3891625,142.5449,143.639
1146,736900,142.6328,143.2287,3623182,142.1346,143.258
1147,736901,144.02,143.3167,4778022,143.2385,145.8174
1148,736902,143.4925,141.7927,3749642,141.3141,143.7367
1149,736905,141.4508,142.1249,3608283,141.3434,142.8575
1150,736906,142.3691,141.5778,5474478,140.8247,142.4277
1151,736907,141.4118,140.1809,3388386,140.0246,141.8318
1152,736908,139.5557,139.6534,3841447,139.038,140.0441
1153,736909,139.9269,144.2838,8053567,139.6925,144.4987
1154,736912,143.5511,142.6524,3913743,142.203,143.7953
1155,736913,143.258,143.6097,3508758,142.965,144.2251
1156,736914,143.9223,143.4925,3581746,142.8575,144.02
1157,736915,143.6998,142.9494,3093504,142.9099,144.1047
1158,736916,142.6828,142.663,3003158,142.0706,143.2456
1159,736919,142.3372,140.9153,2858842,140.7375,142.4853
1160,736920,141.2016,141.5571,2860041,141.1325,142.0113
1161,736921,140.7573,142.1002,4241496,140.2142,142.1891
1162,736922,142.5544,143.5122,5250878,142.5544,143.8479
1163,736923,142.9691,144.2231,2678820,142.8704,144.549
1164,736926,144.5293,144.6675,2499654,144.312,145.3093
1165,736927,145.1513,144.1343,3106876,144.0553,145.2698
1166,736928,144.1738,143.4135,2388961,143.3641,144.3219
1167,736929,143.216,143.5418,2220603,142.9296,143.6899
1168,736930,143.6307,144.2034,2776813,143.0481,144.2497
1169,736933,145.0921,144.8452,3491565,144.6774,145.7635
1170,736934,145.102,144.7465,2455328,144.3515,145.1415
1171,736935,145.023,145.6845,3153845,144.7564,146.0696
1172,736936,145.181,144.0948,3340369,143.4233,145.4476
1173,736937,143.8874,144.6379,3488476,143.7098,144.9341
1174,736941,144.1442,143.8479,3326153,142.9889,144.3515
1175,736942,143.3641,144.8156,3126540,143.2259,144.9045
1176,736943,145.0328,144.549,4248831,143.7097,145.803
1177,736944,144.1047,143.6208,4693127,143.295,144.6607
1178,736947,144.7564,143.8183,3618209,143.7294,145.4476
1179,736948,144.1639,144.6477,3374774,143.4233,145.1415
1180,736949,144.5293,144.7267,4506679,144.1935,146.119
1181,736950,145.4969,147.0768,5346540,145.2677,147.1262
1182,736951,146.9781,146.4646,3452144,145.9215,147.4224
1183,736954,146.5732,146.0795,3551882,145.9116,147.1953
1184,736955,145.9018,146.6917,3629596,145.6154,147.1114
1185,736956,146.7608,147.1854,4246382,146.3659,148.074
1186,736957,147.6989,149.2491,5952223,147.5606,149.4762
1187,736958,149.575,149.4466,19947878,148.8443,150.6809
1188,736961,149.1998,148.1432,4264984,147.5804,149.2985
1189,736962,148.0247,147.0373,4397457,146.4942,148.5184
1190,736963,150.4834,149.7034,7401862,149.4367,151.4215
1191,736964,150.0983,149.5947,3477643,149.259,150.4724
1192,736965,149.259,149.3084,3305798,148.8937,149.7182
1193,736968,149.8021,151.0759,3757419,149.8021,151.4906
1194,736969,151.066,151.8164,3030125,150.5822,151.9053
1195,736970,152.0633,151.2931,3315298,150.8784,152.4188
1196,736971,149.7823,149.4071,4238143,148.4691,150.8784
1197,736972,149.0023,147.1558,4602252,146.0104,149.8811
1198,736975,146.6325,146.5238,3239347,145.3291,147.1953
1199,736976,146.2177,145.3883,3642496,145.0822,146.4942
1200,736977,145.645,140.8955,5547697,140.7079,145.8327
1201,736978,140.8264,137.2717,8710491,137.0347,142.3767
1202,736979,139.3453,139.0787,6563403,137.3309,139.76
1203,736982,138.6146,139.3551,4965533,138.3776,140.4709
1204,736983,141.1325,143.295,8695489,139.7995,143.6208
1205,736984,134.181,132.3642,19463962,131.7414,135.4252
1206,736985,131.0608,128.9082,10011678,128.4046,131.7224
1207,736986,129.0069,127.4764,7791636,126.3508,130.2314
1208,736989,127.9504,128.3849,5719518,126.7852,128.7975
1209,736990,127.3974,129.5599,6463580,126.7951,130.2412
1210,736991,129.5204,125.6102,5710320,125.4028,130.0339
1211,736992,125.6497,124.8598,10304327,123.5662,126.1829
1212,736993,123.6354,123.2206,8767029,122.1542,124.1982
1213,736996,117.8392,118.1354,20450448,116.8123,122.3912
1214,736997,118.9648,113.9487,21458594,113.7019,119.972
1215,736998,115.025,113.9784,21644978,112.6552,115.0349
1216,736999,114.0475,115.3607,13626730,113.6624,115.5286
1217,737000,116.0322,114.2153,10592681,113.098,116.2692
1218,737003,114.6399,118.5501,9144598,114.5412,119.2512
1219,737004,119.1821,121.5716,9597392,118.797,122.253
1220,737005,122.2332,123.27,12382666,120.7916,123.4872
1221,737006,122.66,123.38,10396439,122.63,124.404
1222,737007,123.61,123.54,6961902,121.96,124.57
1223,737010,123.5,120.9,5379113,120.65,123.57
1224,737011,121.19,120.84,4084385,119.9,122.2505
1225,737012,121.11,120.2,4762275,119.77,121.93
1226,737013,119.66,121.44,5207973,119.51,121.44
1227,737014,120.89,121.57,4076315,120.5405,121.85
1228,737017,121.63,120.31,4131238,119.77,122.18
1229,737018,118.49,117.2,6233777,116.6955,119.49
1230,737019,117.61,118.57,5335842,117.39,119.51
1231,737021,118.09,117.19,2334730,116.91,118.3382
1232,737024,118.37,119.56,5011130,118.06,120.25
1233,737025,118.38,120.03,4903771,118.37,120.04
1234,737026,121.01,123.0,5104520,120.22,123.09
1235,737027,122.44,121.48,5200113,121.4,123.1208
1236,737028,121.66,124.27,7251590,121.48,124.69
1237,737031,125.67,125.31,5843112,124.36,126.59
1238,737397,124.49,121.6,6000697,121.33,124.92
1239,737399,119.72,123.91,6938049,119.301,123.91
1240,737400,123.9,119.34,7019616,118.87,124.05
1241,737403,119.74,121.13,6549506,118.52,121.6822
1242,737404,123.25,120.89,5043081,120.0,123.81
1243,737405,122.51,121.16,3560790,121.0,122.88
1244,737406,121.26,120.73,3993597,120.17,121.79
1245,737407,119.5,119.9,4554204,119.44,121.11
1246,737410,119.07,116.1,7374476,115.07,119.78
1247,737411,116.9,116.65,6290186,116.02,118.23
1248,737412,117.15,116.43,6979823,115.97,120.27
1249,737413,115.7,113.02,8454350,111.7,116.45
1250,737414,112.5,110.94,10386453,110.44,115.28
1251,737417,109.9,107.57,3821376,107.5,111.0
1252,737419,108.0,111.39,6645794,105.94,111.39
1253,737420,109.99,113.78,6045590,109.4699,113.78
1254,737421,114.22,113.03,5117533,112.5,114.8
1255,737424,113.33,113.67,4982755,112.4201,114.35
1256,737061,112.01,115.21,4239924,111.69,115.98
1257,737062,114.53,112.91,4346659,112.69,114.88
1258,737063,114.91,117.32,4477755,114.44,117.49
